{
  "HTTP Request-1" : {
    "transaction" : "HTTP Request-1",
    "sampleCount" : 4044,
    "errorCount" : 1186,
    "errorPct" : 29.327398,
    "meanResTime" : 51859.98911968345,
    "medianResTime" : 64933.5,
    "minResTime" : 0.0,
    "maxResTime" : 90156.0,
    "pct1ResTime" : 87536.5,
    "pct2ResTime" : 88296.5,
    "pct3ResTime" : 90020.55,
    "throughput" : 41.28679210609603,
    "receivedKBytesPerSec" : 118.54260771230436,
    "sentKBytesPerSec" : 3.6758008312999624
  },
  "Total" : {
    "transaction" : "Total",
    "sampleCount" : 13088,
    "errorCount" : 3328,
    "errorPct" : 25.427874,
    "meanResTime" : 46334.64012836187,
    "medianResTime" : 59444.5,
    "minResTime" : 0.0,
    "maxResTime" : 94785.0,
    "pct1ResTime" : 87568.0,
    "pct2ResTime" : 89217.5,
    "pct3ResTime" : 90710.20000000007,
    "throughput" : 131.70314465408805,
    "receivedKBytesPerSec" : 307.5208529874214,
    "sentKBytesPerSec" : 17.499174528301886
  },
  "HTTP Request-0" : {
    "transaction" : "HTTP Request-0",
    "sampleCount" : 4044,
    "errorCount" : 0,
    "errorPct" : 0.0,
    "meanResTime" : 12517.114490603379,
    "medianResTime" : 690.5,
    "minResTime" : 166.0,
    "maxResTime" : 79287.0,
    "pct1ResTime" : 65579.5,
    "pct2ResTime" : 70880.5,
    "pct3ResTime" : 78908.55,
    "throughput" : 48.213455416860405,
    "receivedKBytesPerSec" : 27.779237007761367,
    "sentKBytesPerSec" : 6.073765379663079
  },
  "HTTP Request" : {
    "transaction" : "HTTP Request",
    "sampleCount" : 5000,
    "errorCount" : 2142,
    "errorPct" : 42.84,
    "meanResTime" : 69217.35260000009,
    "medianResTime" : 83601.0,
    "minResTime" : 23626.0,
    "maxResTime" : 94785.0,
    "pct1ResTime" : 89323.0,
    "pct2ResTime" : 89792.85,
    "pct3ResTime" : 91886.84,
    "throughput" : 50.314465408805034,
    "receivedKBytesPerSec" : 167.23236045597486,
    "sentKBytesPerSec" : 8.749587264150943
  }
}